round,loss,accuracy
1,0.5574430823326111,1.0
2,0.39378106594085693,1.0
3,0.2664687931537628,1.0
